alpharomeo (1).jpg;0
alpharomeo (10).jpg;0
alpharomeo (100).jpg;0
alpharomeo (101).jpg;0
alpharomeo (102).jpg;0
alpharomeo (103).jpg;0
alpharomeo (104).jpg;0
alpharomeo (105).jpg;0
alpharomeo (109).jpg;0
alpharomeo (11).jpg;0
alpharomeo (110).jpg;0
alpharomeo (111).jpg;0
alpharomeo (112).jpg;0
alpharomeo (113).jpg;0
alpharomeo (114).jpg;0
alpharomeo (115).jpg;0
alpharomeo (116).jpg;0
alpharomeo (117).jpg;0
alpharomeo (118).jpg;0
alpharomeo (119).jpg;0
alpharomeo (12).jpg;0
alpharomeo (120).jpg;0
alpharomeo (122).jpg;0
alpharomeo (123).jpg;0
alpharomeo (124).jpg;0
alpharomeo (125).jpg;0
alpharomeo (126).jpg;0
alpharomeo (127).jpg;0
alpharomeo (128).jpg;0
alpharomeo (129).jpg;0
alpharomeo (13).jpg;0
alpharomeo (130).jpg;0
alpharomeo (131).jpg;0
alpharomeo (132).jpg;0
alpharomeo (133).jpg;0
alpharomeo (134).jpg;0
alpharomeo (135).jpg;0
alpharomeo (136).jpg;0
alpharomeo (137).jpg;0
alpharomeo (138).jpg;0
alpharomeo (139).jpg;0
alpharomeo (14).jpg;0
alpharomeo (140).jpg;0
alpharomeo (141).jpg;0
alpharomeo (142).jpg;0
alpharomeo (143).jpg;0
alpharomeo (144).jpg;0
alpharomeo (145).jpg;0
alpharomeo (146).jpg;0
alpharomeo (147).jpg;0
alpharomeo (148).jpg;0
alpharomeo (149).jpg;0
alpharomeo (15).jpg;0
alpharomeo (150).jpg;0
alpharomeo (151).jpg;0
alpharomeo (152).jpg;0
alpharomeo (153).jpg;0
alpharomeo (154).jpg;0
alpharomeo (155).jpg;0
alpharomeo (156).jpg;0
alpharomeo (157).jpg;0
alpharomeo (158).jpg;0
alpharomeo (159).jpg;0
alpharomeo (16).jpg;0
alpharomeo (160).jpg;0
alpharomeo (17).jpg;0
alpharomeo (18).jpg;0
alpharomeo (19).jpg;0
alpharomeo (2).jpg;0
alpharomeo (20).jpg;0
alpharomeo (21).jpg;0
alpharomeo (22).jpg;0
alpharomeo (23).jpg;0
alpharomeo (24).jpg;0
alpharomeo (25).jpg;0
alpharomeo (26).jpg;0
alpharomeo (27).jpg;0
alpharomeo (28).jpg;0
alpharomeo (29).jpg;0
alpharomeo (3).jpg;0
alpharomeo (30).jpg;0
alpharomeo (31).jpg;0
alpharomeo (32).jpg;0
alpharomeo (33).jpg;0
alpharomeo (34).jpg;0
alpharomeo (35).jpg;0
alpharomeo (36).jpg;0
alpharomeo (37).jpg;0
alpharomeo (38).jpg;0
alpharomeo (39).jpg;0
alpharomeo (40).jpg;0
alpharomeo (42).jpg;0
alpharomeo (43).jpg;0
alpharomeo (44).jpg;0
alpharomeo (45).jpg;0
alpharomeo (46).jpg;0
alpharomeo (47).jpg;0
alpharomeo (49).jpg;0
alpharomeo (5).jpg;0
alpharomeo (50).jpg;0
alpharomeo (51).jpg;0
alpharomeo (52).jpg;0
alpharomeo (53).jpg;0
alpharomeo (56).jpg;0
alpharomeo (57).jpg;0
alpharomeo (58).jpg;0
alpharomeo (59).jpg;0
alpharomeo (6).jpg;0
alpharomeo (60).jpg;0
alpharomeo (61).jpg;0
alpharomeo (62).jpg;0
alpharomeo (63).jpg;0
alpharomeo (64).jpg;0
alpharomeo (65).jpg;0
alpharomeo (66).jpg;0
alpharomeo (67).jpg;0
alpharomeo (68).jpg;0
alpharomeo (69).jpg;0
alpharomeo (7).jpg;0
alpharomeo (70).jpg;0
alpharomeo (71).jpg;0
alpharomeo (72).jpg;0
alpharomeo (73).jpg;0
alpharomeo (74).jpg;0
alpharomeo (75).jpg;0
alpharomeo (76).jpg;0
alpharomeo (77).jpg;0
alpharomeo (78).jpg;0
alpharomeo (79).jpg;0
alpharomeo (8).jpg;0
alpharomeo (80).jpg;0
alpharomeo (81).jpg;0
alpharomeo (82).jpg;0
alpharomeo (83).jpg;0
alpharomeo (84).jpg;0
alpharomeo (85).jpg;0
alpharomeo (86).jpg;0
alpharomeo (87).jpg;0
alpharomeo (89).jpg;0
alpharomeo (9).jpg;0
alpharomeo (90).jpg;0
alpharomeo (91).jpg;0
alpharomeo (92).jpg;0
alpharomeo (93).jpg;0
alpharomeo (94).jpg;0
alpharomeo (95).jpg;0
alpharomeo (96).jpg;0
alpharomeo (97).jpg;0
alpharomeo (99).jpg;0
alphatauri (1).jpg;1
alphatauri (10).jpg;1
alphatauri (11).jpg;1
alphatauri (12).jpg;1
alphatauri (13).jpg;1
alphatauri (14).jpg;1
alphatauri (16).jpg;1
alphatauri (17).jpg;1
alphatauri (18).jpg;1
alphatauri (19).jpg;1
alphatauri (2).jpg;1
alphatauri (20).jpg;1
alphatauri (22).jpg;1
alphatauri (23).jpg;1
alphatauri (24).jpg;1
alphatauri (25).jpg;1
alphatauri (26).jpg;1
alphatauri (27).jpg;1
alphatauri (28).jpg;1
alphatauri (3).jpg;1
alphatauri (30).jpg;1
alphatauri (31).jpg;1
alphatauri (32).jpg;1
alphatauri (33).jpg;1
alphatauri (34).jpg;1
alphatauri (35).jpg;1
alphatauri (36).jpg;1
alphatauri (4).jpg;1
alphatauri (5).jpg;1
alphatauri (6).jpg;1
alphatauri (7).jpg;1
alphatauri (8).jpg;1
alphatauri (9).jpg;1
alphatauri001.jpg;1
alphatauri002.jpg;1
alphatauri003.jpg;1
alphatauri004.jpg;1
alphatauri005.jpg;1
alphatauri006.jpg;1
alphatauri007.jpg;1
alphatauri008.jpg;1
alphatauri009.jpg;1
alphatauri010.jpg;1
alphatauri011.jpg;1
alphatauri012.jpg;1
alphatauri013.jpg;1
alphatauri014.jpg;1
alphatauri015.jpg;1
alphatauri016.jpg;1
alphatauri017.jpg;1
alphatauri018.jpg;1
alphatauri019.jpg;1
alphatauri020.jpg;1
alphatauri021.jpg;1
alphatauri022.jpg;1
alphatauri024.jpg;1
alphatauri025.jpg;1
alphatauri026.jpg;1
alphatauri027.jpg;1
alphatauri028.jpg;1
alphatauri029.jpg;1
alphatauri030.jpg;1
alphatauri031.jpg;1
alphatauri032.jpg;1
alphatauri033.jpg;1
alphatauri034.jpg;1
alphatauri035.jpg;1
alphatauri036.jpg;1
alphatauri037.jpg;1
alphatauri038.jpg;1
alphatauri039.jpg;1
alphatauri040.jpg;1
alphatauri041.jpg;1
alphatauri042.jpg;1
alphatauri043.jpg;1
alphatauri044.jpg;1
alphatauri045.jpg;1
alphatauri046.jpg;1
alphatauri047.jpg;1
alphatauri048.jpg;1
alphatauri049.jpg;1
alphatauri050.jpg;1
alphatauri051.jpg;1
alphatauri052.jpg;1
alphatauri053.jpg;1
alphatauri054.jpg;1
alphatauri055.jpg;1
alphatauri056.jpg;1
alphatauri057.jpg;1
alphatauri058.jpg;1
alphatauri059.jpg;1
alphatauri060.jpg;1
alphatauri061.jpg;1
alphatauri062.jpg;1
alphatauri063.jpg;1
alphatauri064.jpg;1
alphatauri065.jpg;1
alphatauri066.jpg;1
alphatauri067.jpg;1
alphatauri068.jpg;1
alphatauri069.jpg;1
alphatauri070.jpg;1
alphatauri071.jpg;1
alphatauri072.jpg;1
alphatauri073.jpg;1
alphatauri074.jpg;1
alphatauri075.jpg;1
alphatauri076.jpg;1
alphatauri077.jpg;1
alphatauri078.jpg;1
alphatauri079.jpg;1
alphatauri080.jpg;1
alphatauri081.jpg;1
alphatauri082.jpg;1
alphatauri083.jpg;1
alphatauri084.jpg;1
alphatauri085.jpg;1
alphatauri086.jpg;1
alphatauri087.jpg;1
alphatauri088.jpg;1
alphatauri089.jpg;1
alphatauri090.jpg;1
alphatauri091.jpg;1
alphatauri092.jpg;1
alphatauri093.jpg;1
alphatauri094.jpg;1
alphatauri095.jpg;1
alphatauri096.jpg;1
alphatauri097.jpg;1
alphatauri098.jpg;1
alphatauri099.jpg;1
alphatauri100.jpg;1
alphatauri101.jpg;1
alphatauri102.jpg;1
alphatauri103.jpg;1
alphatauri104.jpg;1
alphatauri105.jpg;1
alphatauri106.jpg;1
alphatauri107.jpg;1
alphatauri108.jpg;1
alphatauri109.jpg;1
alphatauri110.jpg;1
alphatauri111.jpg;1
alphatauri112.jpg;1
alphatauri113.jpg;1
alphatauri114.jpg;1
alphatauri115.jpg;1
alphatauri116.jpg;1
alphatauri117.jpg;1
alphatauri118.jpg;1
alphatauri119.jpg;1
alphatauri120.jpg;1
alphatauri121.jpg;1
alphatauri122.jpg;1
alphatauri123.jpg;1
alphatauri124.jpg;1
alphatauri125.jpg;1
alphatauri126.jpg;1
alphatauri127.jpg;1
alphatauri128.jpg;1
alphatauri129.jpg;1
alphatauri130.jpg;1
alphatauri132.jpg;1
alpine (1).jpg;2
alpine (10).jpg;2
alpine (11).jpg;2
alpine (12).jpg;2
alpine (13).jpg;2
alpine (14).jpg;2
alpine (15).jpg;2
alpine (16).jpg;2
alpine (17).jpg;2
alpine (18).jpg;2
alpine (19).jpg;2
alpine (2).jpg;2
alpine (20).jpg;2
alpine (21).jpg;2
alpine (22).jpg;2
alpine (23).jpg;2
alpine (24).jpg;2
alpine (25).jpg;2
alpine (3).jpg;2
alpine (4).jpg;2
alpine (5).jpg;2
alpine (6).jpg;2
alpine (7).jpg;2
alpine (8).jpg;2
alpine (9).jpg;2
alpine001.jpg;2
alpine002.jpg;2
alpine003.jpg;2
alpine004.jpg;2
alpine005.jpg;2
alpine006.jpg;2
alpine007.jpg;2
alpine008.jpg;2
alpine009.jpg;2
alpine010.jpg;2
alpine011.jpg;2
alpine012.jpg;2
alpine013.jpg;2
alpine014.jpg;2
alpine015.jpg;2
alpine016.jpg;2
alpine017.jpg;2
alpine018.jpg;2
alpine019.jpg;2
alpine020.jpg;2
alpine021.jpg;2
alpine022.jpg;2
alpine023.jpg;2
alpine024.jpg;2
alpine025.jpg;2
alpine026.jpg;2
alpine027.jpg;2
alpine028.jpg;2
alpine029.jpg;2
alpine030.jpg;2
alpine031.jpg;2
alpine032.jpg;2
alpine033.jpg;2
alpine035.jpg;2
alpine036.jpg;2
alpine037.jpg;2
alpine038.jpg;2
alpine039.jpg;2
alpine041.jpg;2
alpine042.jpg;2
alpine043.jpg;2
alpine044.jpg;2
alpine045.jpg;2
alpine046.jpg;2
alpine047.jpg;2
alpine048.jpg;2
alpine049.jpg;2
alpine050.jpg;2
alpine051.jpg;2
alpine052.jpg;2
alpine053.jpg;2
alpine054.jpg;2
alpine056.jpg;2
alpine057.jpg;2
alpine058.jpg;2
alpine059.jpg;2
alpine061.jpg;2
alpine062.jpg;2
alpine063.jpg;2
alpine064.jpg;2
alpine065.jpg;2
alpine066.jpg;2
alpine067.jpg;2
alpine069.jpg;2
alpine070.jpg;2
alpine071.jpg;2
alpine072.jpg;2
alpine073.jpg;2
alpine074.jpg;2
alpine075.jpg;2
alpine076.jpg;2
alpine077.jpg;2
alpine078.jpg;2
alpine079.jpg;2
alpine080.jpg;2
alpine081.jpg;2
alpine082.jpg;2
alpine083.jpg;2
alpine084.jpg;2
alpine085.jpg;2
alpine086.jpg;2
alpine087.jpg;2
alpine088.jpg;2
alpine089.jpg;2
alpine090.jpg;2
alpine091.jpg;2
alpine092.jpg;2
alpine093.jpg;2
alpine094.jpg;2
alpine095.jpg;2
alpine096.jpg;2
alpine097.jpg;2
alpine100.jpg;2
alpine101.jpg;2
alpine102.jpg;2
alpine103.jpg;2
alpine104.jpg;2
alpine105.jpg;2
alpine106.jpg;2
alpine107.jpg;2
alpine108.jpg;2
alpine109.jpg;2
alpine110.jpg;2
alpine112.jpg;2
alpine113.jpg;2
alpine114.jpg;2
alpine115.jpg;2
alpine116.jpg;2
alpine117.jpg;2
alpine118.jpg;2
alpine119.jpg;2
alpine120.jpg;2
alpine121.jpg;2
alpine122.jpg;2
alpine123.jpg;2
alpine124.jpg;2
alpine125.jpg;2
alpine126.jpg;2
alpine127.jpg;2
alpine128.jpg;2
alpine129.jpg;2
alpine130.jpg;2
alpine131.jpg;2
alpine132.jpg;2
alpine133.jpg;2
alpine134.jpg;2
alpine135.jpg;2
alpine136.jpg;2
alpine137.jpg;2
alpine138.jpg;2
alpine139.jpg;2
alpine140.jpg;2
alpine141.jpg;2
alpine142.jpg;2
alpine143.jpg;2
alpine144.jpg;2
alpine145.jpg;2
alpine146.jpg;2
alpine147.jpg;2
alpine148.jpg;2
alpine150.jpg;2
alpine151.jpg;2
alpine152.jpg;2
alpine153.jpg;2
alpine154.jpg;2
alpine155.jpg;2
alpine156.jpg;2
alpine157.jpg;2
alpine158.jpg;2
alpine160.jpg;2
alpine161.jpg;2
alpine162.jpg;2
alpine163.jpg;2
alpine164.jpg;2
alpine165.jpg;2
alpine166.jpg;2
alpine167.jpg;2
alpine168.jpg;2
alpine169.jpg;2
alpine170.jpg;2
alpine171.jpg;2
astonmartin (1).jpg;3
astonmartin (10).jpg;3
astonmartin (11).jpg;3
astonmartin (13).jpg;3
astonmartin (14).jpg;3
astonmartin (15).jpg;3
astonmartin (16).jpg;3
astonmartin (17).jpg;3
astonmartin (18).jpg;3
astonmartin (19).jpg;3
astonmartin (3).jpg;3
astonmartin (4).jpg;3
astonmartin (5).jpg;3
astonmartin (6).jpg;3
astonmartin (8).jpg;3
astonmartin (9).jpg;3
astonmartin001.jpg;3
astonmartin002.jpg;3
astonmartin003.jpg;3
astonmartin004.jpg;3
astonmartin005.jpg;3
astonmartin006.jpg;3
astonmartin007.jpg;3
astonmartin008.jpg;3
astonmartin009.jpg;3
astonmartin010.jpg;3
astonmartin011.jpg;3
astonmartin012.jpg;3
astonmartin013.jpg;3
astonmartin014.jpg;3
astonmartin015.jpg;3
astonmartin016.jpg;3
astonmartin017.jpg;3
astonmartin018.jpg;3
astonmartin019.jpg;3
astonmartin020.jpg;3
astonmartin021.jpg;3
astonmartin022.jpg;3
astonmartin023.jpg;3
astonmartin024.jpg;3
astonmartin025.jpg;3
astonmartin026.jpg;3
astonmartin027.jpg;3
astonmartin028.jpg;3
astonmartin029.jpg;3
astonmartin031.jpg;3
astonmartin032.jpg;3
astonmartin033.jpg;3
astonmartin034.jpg;3
astonmartin036.jpg;3
astonmartin037.jpg;3
astonmartin038.jpg;3
astonmartin039.jpg;3
astonmartin040.jpg;3
astonmartin041.jpg;3
astonmartin042.jpg;3
astonmartin043.jpg;3
astonmartin044.jpg;3
astonmartin045.jpg;3
astonmartin046.jpg;3
astonmartin047.jpg;3
astonmartin048.jpg;3
astonmartin049.jpg;3
astonmartin050.jpg;3
astonmartin052.jpg;3
astonmartin053.jpg;3
astonmartin054.jpg;3
astonmartin055.jpg;3
astonmartin056.jpg;3
astonmartin058.jpg;3
astonmartin059.jpg;3
astonmartin060.jpg;3
astonmartin061.jpg;3
astonmartin062.jpg;3
astonmartin063.jpg;3
astonmartin064.jpg;3
astonmartin065.jpg;3
astonmartin066.jpg;3
astonmartin068.jpg;3
astonmartin069.jpg;3
astonmartin070.jpg;3
astonmartin071.jpg;3
astonmartin072.jpg;3
astonmartin073.jpg;3
astonmartin074.jpg;3
astonmartin075.jpg;3
astonmartin076.jpg;3
astonmartin077.jpg;3
astonmartin078.jpg;3
astonmartin079.jpg;3
astonmartin080.jpg;3
astonmartin081.jpg;3
astonmartin082.jpg;3
astonmartin083.jpg;3
astonmartin085.jpg;3
astonmartin086.jpg;3
astonmartin087.jpg;3
astonmartin088.jpg;3
astonmartin089.jpg;3
astonmartin090.jpg;3
astonmartin091.jpg;3
astonmartin092.jpg;3
astonmartin093.jpg;3
astonmartin094.jpg;3
astonmartin095.jpg;3
astonmartin097.jpg;3
astonmartin098.jpg;3
astonmartin099.jpg;3
astonmartin100.jpg;3
astonmartin101.jpg;3
astonmartin102.jpg;3
astonmartin103.jpg;3
astonmartin104.jpg;3
astonmartin105.jpg;3
astonmartin106.jpg;3
astonmartin107.jpg;3
astonmartin108.jpg;3
astonmartin109.jpg;3
astonmartin110.jpg;3
astonmartin111.jpg;3
astonmartin112.jpg;3
astonmartin113.jpg;3
astonmartin114.jpg;3
astonmartin115.jpg;3
astonmartin116.jpg;3
astonmartin117.jpg;3
astonmartin118.jpg;3
ferrari (1).jpg;4
ferrari (10).jpg;4
ferrari (11).jpg;4
ferrari (12).jpg;4
ferrari (13).jpg;4
ferrari (14).jpg;4
ferrari (15).jpg;4
ferrari (16).jpg;4
ferrari (17).jpg;4
ferrari (18).jpg;4
ferrari (19).jpg;4
ferrari (2).jpg;4
ferrari (20).jpg;4
ferrari (3).jpg;4
ferrari (4).jpg;4
ferrari (5).jpg;4
ferrari (6).jpg;4
ferrari (7).jpg;4
ferrari (8).jpg;4
ferrari (9).jpg;4
ferrari001.jpg;4
ferrari002.jpg;4
ferrari003.jpg;4
ferrari006.jpg;4
ferrari007.jpg;4
ferrari008.jpg;4
ferrari009.jpg;4
ferrari010.jpg;4
ferrari011.jpg;4
ferrari012.jpg;4
ferrari013.jpg;4
ferrari015.jpg;4
ferrari016.jpg;4
ferrari018.jpg;4
ferrari020.jpg;4
ferrari021.jpg;4
ferrari022.jpg;4
ferrari023.jpg;4
ferrari024.jpg;4
ferrari025.jpg;4
ferrari026.jpg;4
ferrari027.jpg;4
ferrari028.jpg;4
ferrari030.jpg;4
ferrari031.jpg;4
ferrari032.jpg;4
ferrari033.jpg;4
ferrari034.jpg;4
ferrari036.jpg;4
ferrari037.jpg;4
ferrari038.jpg;4
ferrari039.jpg;4
ferrari040.jpg;4
ferrari041.jpg;4
ferrari042.jpg;4
ferrari043.jpg;4
ferrari044.jpg;4
ferrari045.jpg;4
ferrari046.jpg;4
ferrari047.jpg;4
ferrari048.jpg;4
ferrari049.jpg;4
ferrari050.jpg;4
ferrari054.jpg;4
ferrari055.jpg;4
ferrari056.jpg;4
ferrari057.jpg;4
ferrari058.jpg;4
ferrari059.jpg;4
ferrari060.jpg;4
ferrari061.jpg;4
ferrari062.jpg;4
ferrari063.jpg;4
ferrari064.jpg;4
ferrari065.jpg;4
ferrari066.jpg;4
ferrari067.jpg;4
ferrari068.jpg;4
ferrari069.jpg;4
ferrari071.jpg;4
ferrari072.jpg;4
ferrari073.jpg;4
ferrari074.jpg;4
ferrari075.jpg;4
ferrari076.jpg;4
ferrari077.jpg;4
ferrari078.jpg;4
ferrari080.jpg;4
ferrari081.jpg;4
ferrari082.jpg;4
ferrari083.jpg;4
ferrari084.jpg;4
ferrari085.jpg;4
ferrari086.jpg;4
ferrari087.jpg;4
ferrari088.jpg;4
ferrari090.jpg;4
ferrari091.jpg;4
ferrari092.jpg;4
ferrari093.jpg;4
ferrari094.jpg;4
ferrari095.jpg;4
ferrari096.jpg;4
ferrari097.jpg;4
ferrari098.jpg;4
ferrari099.jpg;4
ferrari100.jpg;4
ferrari101.jpg;4
ferrari102.jpg;4
ferrari103.jpg;4
ferrari104.jpg;4
ferrari105.jpg;4
ferrari106.jpg;4
ferrari107.jpg;4
ferrari108.jpg;4
ferrari110.jpg;4
ferrari111.jpg;4
ferrari112.jpg;4
ferrari113.jpg;4
ferrari114.jpg;4
ferrari115.jpg;4
ferrari116.jpg;4
ferrari117.jpg;4
ferrari118.jpg;4
ferrari119.jpg;4
ferrari120.jpg;4
ferrari121.jpg;4
ferrari122.jpg;4
ferrari123.jpg;4
ferrari124.jpg;4
ferrari125.jpg;4
ferrari126.jpg;4
ferrari128.jpg;4
ferrari129.jpg;4
ferrari130.jpg;4
ferrari131.jpg;4
ferrari132.jpg;4
ferrari133.jpg;4
ferrari134.jpg;4
ferrari135.jpg;4
ferrari137.jpg;4
ferrari138.jpg;4
ferrari139.jpg;4
ferrari140.jpg;4
ferrari141.jpg;4
ferrari144.jpg;4
ferrari145.jpg;4
ferrari146.jpg;4
ferrari147.jpg;4
ferrari148.jpg;4
ferrari149.jpg;4
ferrari150.jpg;4
ferrari151.jpg;4
ferrari152.jpg;4
ferrari153.jpg;4
ferrari155.jpg;4
ferrari156.jpg;4
ferrari157.jpg;4
ferrari158.jpg;4
ferrari159.jpg;4
ferrari160.jpg;4
ferrari161.jpg;4
ferrari162.jpg;4
ferrari163.jpg;4
ferrari164.jpg;4
ferrari165.jpg;4
ferrari166.jpg;4
ferrari167.jpg;4
ferrari168.jpg;4
ferrari169.jpg;4
haas (1).jpg;5
haas (10).jpg;5
haas (11).jpg;5
haas (2).jpg;5
haas (24).jpg;5
haas (25).jpg;5
haas (26).jpg;5
haas (27).jpg;5
haas (28).jpg;5
haas (29).jpg;5
haas (3).jpg;5
haas (30).jpg;5
haas (31).jpg;5
haas (32).jpg;5
haas (34).jpg;5
haas (35).jpg;5
haas (36).jpg;5
haas (37).jpg;5
haas (38).jpg;5
haas (39).jpg;5
haas (4).jpg;5
haas (40).jpg;5
haas (41).jpg;5
haas (42).jpg;5
haas (43).jpg;5
haas (44).jpg;5
haas (45).jpg;5
haas (46).jpg;5
haas (47).jpg;5
haas (48).jpg;5
haas (49).jpg;5
haas (5).jpg;5
haas (50).jpg;5
haas (51).jpg;5
haas (52).jpg;5
haas (53).jpg;5
haas (54).jpg;5
haas (55).jpg;5
haas (56).jpg;5
haas (57).jpg;5
haas (58).jpg;5
haas (7).jpg;5
haas (8).jpg;5
haas (9).jpg;5
haas001.jpg;5
haas003.jpg;5
haas004.jpg;5
haas005.jpg;5
haas006.jpg;5
haas007.jpg;5
haas008.jpg;5
haas009.jpg;5
haas010.jpg;5
haas011.jpg;5
haas012.jpg;5
haas013.jpg;5
haas014.jpg;5
haas015.jpg;5
haas016.jpg;5
haas017.jpg;5
haas019.jpg;5
haas022.jpg;5
haas023.jpg;5
haas024.jpg;5
haas025.jpg;5
haas027.jpg;5
haas028.jpg;5
haas029.jpg;5
haas030.jpg;5
haas032.jpg;5
haas033.jpg;5
haas034.jpg;5
haas035.jpg;5
haas039.jpg;5
haas040.jpg;5
haas041.jpg;5
haas042.jpg;5
haas043.jpg;5
haas044.jpg;5
haas045.jpg;5
haas046.jpg;5
haas047.jpg;5
haas048.jpg;5
haas049.jpg;5
haas050.jpg;5
haas051.jpg;5
haas052.jpg;5
haas053.jpg;5
haas054.jpg;5
haas055.jpg;5
haas056.jpg;5
haas057.jpg;5
haas058.jpg;5
haas059.jpg;5
haas060.jpg;5
haas061.jpg;5
haas062.jpg;5
haas063.jpg;5
haas064.jpg;5
haas065.jpg;5
haas066.jpg;5
haas067.jpg;5
haas068.jpg;5
haas069.jpg;5
haas072.jpg;5
haas074.jpg;5
haas075.jpg;5
haas076.jpg;5
haas077.jpg;5
haas078.jpg;5
haas079.jpg;5
haas081.jpg;5
haas082.jpg;5
haas083.jpg;5
haas084.jpg;5
haas085.jpg;5
haas087.jpg;5
haas088.jpg;5
haas089.jpg;5
haas090.jpg;5
haas091.jpg;5
haas092.jpg;5
haas093.jpg;5
haas094.jpg;5
haas095.jpg;5
haas096.jpg;5
haas097.jpg;5
haas098.jpg;5
haas100.jpg;5
haas101.jpg;5
haas102.jpg;5
haas103.jpg;5
haas104.jpg;5
haas105.jpg;5
haas106.jpg;5
haas107.jpg;5
haas108.jpg;5
haas109.jpg;5
haas110.jpg;5
haas111.jpg;5
haas112.jpg;5
haas113.jpg;5
haas114.jpg;5
haas115.jpg;5
haas116.jpg;5
haas117.jpg;5
haas118.jpg;5
haas119.jpg;5
haas122.jpg;5
haas123.jpg;5
haas124.jpg;5
haas125.jpg;5
haas126.jpg;5
haas127.jpg;5
haas128.jpg;5
haas129.jpg;5
haas130.jpg;5
haas131.jpg;5
haas132.jpg;5
haas133.jpg;5
haas134.jpg;5
haas135.jpg;5
haas136.jpg;5
haas137.jpg;5
haas139.jpg;5
haas140.jpg;5
haas141.jpg;5
haas142.jpg;5
haas143.jpg;5
haas144.jpg;5
haas145.jpg;5
haas146.jpg;5
haas147.jpg;5
haas148.jpg;5
mclaren (1).jpg;6
mclaren (10).jpg;6
mclaren (11).jpg;6
mclaren (12).jpg;6
mclaren (13).jpg;6
mclaren (14).jpg;6
mclaren (15).jpg;6
mclaren (16).jpg;6
mclaren (17).jpg;6
mclaren (18).jpg;6
mclaren (19).jpg;6
mclaren (2).jpg;6
mclaren (20).jpg;6
mclaren (21).jpg;6
mclaren (22).jpg;6
mclaren (23).jpg;6
mclaren (24).jpg;6
mclaren (25).jpg;6
mclaren (26).jpg;6
mclaren (27).jpg;6
mclaren (3).jpg;6
mclaren (4).jpg;6
mclaren (5).jpg;6
mclaren (6).jpg;6
mclaren (7).jpg;6
mclaren (8).jpg;6
mclaren (9).jpg;6
mclaren001.jpg;6
mclaren002.jpg;6
mclaren003.jpg;6
mclaren004.jpg;6
mclaren005.jpg;6
mclaren006.jpg;6
mclaren007.jpg;6
mclaren008.jpg;6
mclaren009.jpg;6
mclaren010.jpg;6
mclaren011.jpg;6
mclaren012.jpg;6
mclaren013.jpg;6
mclaren014.jpg;6
mclaren015.jpg;6
mclaren016.jpg;6
mclaren017.jpg;6
mclaren018.jpg;6
mclaren019.jpg;6
mclaren020.jpg;6
mclaren021.jpg;6
mclaren022.jpg;6
mclaren023.jpg;6
mclaren024.jpg;6
mclaren025.jpg;6
mclaren026.jpg;6
mclaren027.jpg;6
mclaren028.jpg;6
mclaren029.jpg;6
mclaren030.jpg;6
mclaren031.jpg;6
mclaren032.jpg;6
mclaren033.jpg;6
mclaren034.jpg;6
mclaren035.jpg;6
mclaren036.jpg;6
mclaren037.jpg;6
mclaren038.jpg;6
mclaren039.jpg;6
mclaren040.jpg;6
mclaren041.jpg;6
mclaren042.jpg;6
mclaren043.jpg;6
mclaren044.jpg;6
mclaren045.jpg;6
mclaren046.jpg;6
mclaren047.jpg;6
mclaren048.jpg;6
mclaren049.jpg;6
mclaren050.jpg;6
mclaren052.jpg;6
mclaren053.jpg;6
mclaren054.jpg;6
mclaren056.jpg;6
mclaren057.jpg;6
mclaren058.jpg;6
mclaren061.jpg;6
mclaren062.jpg;6
mclaren063.jpg;6
mclaren064.jpg;6
mclaren065.jpg;6
mclaren066.jpg;6
mclaren067.jpg;6
mclaren068.jpg;6
mclaren069.jpg;6
mclaren070.jpg;6
mclaren071.jpg;6
mclaren072.jpg;6
mclaren074.jpg;6
mclaren075.jpg;6
mclaren076.jpg;6
mclaren077.jpg;6
mclaren078.jpg;6
mclaren079.jpg;6
mclaren080.jpg;6
mclaren081.jpg;6
mclaren082.jpg;6
mclaren083.jpg;6
mclaren084.jpg;6
mclaren085.jpg;6
mclaren086.jpg;6
mclaren088.jpg;6
mclaren090.jpg;6
mclaren091.jpg;6
mclaren092.jpg;6
mclaren093.jpg;6
mclaren094.jpg;6
mclaren095.jpg;6
mclaren096.jpg;6
mclaren097.jpg;6
mclaren098.jpg;6
mclaren099.jpg;6
mclaren100.jpg;6
mclaren101.jpg;6
mclaren102.jpg;6
mclaren103.jpg;6
mclaren104.jpg;6
mclaren105.jpg;6
mclaren106.jpg;6
mclaren107.jpg;6
mclaren108.jpg;6
mclaren109.jpg;6
mclaren110.jpg;6
mclaren111.jpg;6
mclaren112.jpg;6
mercedes001.jpg;7
mercedes002.jpg;7
mercedes003.jpg;7
mercedes004.jpg;7
mercedes005.jpg;7
mercedes006.jpg;7
mercedes008.jpg;7
mercedes009.jpg;7
mercedes010.jpg;7
mercedes011.jpg;7
mercedes012.jpg;7
mercedes013.jpg;7
mercedes015.jpg;7
mercedes016.jpg;7
mercedes017.jpg;7
mercedes018.jpg;7
mercedes019.jpg;7
mercedes020.jpg;7
mercedes021.jpg;7
mercedes022.jpg;7
mercedes023.jpg;7
mercedes024.jpg;7
mercedes025.jpg;7
mercedes026.jpg;7
mercedes027.jpg;7
mercedes028.jpg;7
mercedes029.jpg;7
mercedes030.jpg;7
mercedes031.jpg;7
mercedes032.jpg;7
mercedes033.jpg;7
mercedes034.jpg;7
mercedes035.jpg;7
mercedes036.jpg;7
mercedes037.jpg;7
mercedes038.jpg;7
mercedes039.jpg;7
mercedes040.jpg;7
mercedes041.jpg;7
mercedes042.jpg;7
mercedes043.jpg;7
mercedes044.jpg;7
mercedes045.jpg;7
mercedes046.jpg;7
mercedes047.jpg;7
mercedes048.jpg;7
mercedes049.jpg;7
mercedes050.jpg;7
mercedes051.jpg;7
mercedes052.jpg;7
mercedes053.jpg;7
mercedes054.jpg;7
mercedes055.jpg;7
mercedes056.jpg;7
mercedes057.jpg;7
mercedes058.jpg;7
mercedes059.jpg;7
mercedes060.jpg;7
mercedes061.jpg;7
mercedes062.jpg;7
mercedes063.jpg;7
mercedes064.jpg;7
mercedes065.jpg;7
mercedes066.jpg;7
mercedes068.jpg;7
mercedes070.jpg;7
mercedes071.jpg;7
mercedes072.jpg;7
mercedes073.jpg;7
mercedes074.jpg;7
mercedes075.jpg;7
mercedes076.jpg;7
mercedes077.jpg;7
mercedes078.jpg;7
mercedes079.jpg;7
mercedes080.jpg;7
mercedes081.jpg;7
mercedes082.jpg;7
mercedes083.jpg;7
mercedes084.jpg;7
mercedes085.jpg;7
mercedes086.jpg;7
mercedes087.jpg;7
mercedes088.jpg;7
mercedes089.jpg;7
mercedes090.jpg;7
mercedes091.jpg;7
mercedes092.jpg;7
mercedes093.jpg;7
mercedes094.jpg;7
mercedes095.jpg;7
mercedes096.jpg;7
mercedes097.jpg;7
mercedes098.jpg;7
mercedes099.jpg;7
mercedes100.jpg;7
mercedes101.jpg;7
mercedes102.jpg;7
mercedes103.jpg;7
mercedes104.jpg;7
mercedes105.jpg;7
mercedes106.jpg;7
mercedes107.jpg;7
mercedes108.jpg;7
mercedes109.jpg;7
mercedes110.jpg;7
mercedes111.jpg;7
mercedes112.jpg;7
mercedes113.jpg;7
mercedes114.jpg;7
mercedes115.jpg;7
mercedes116.jpg;7
mercedes117.jpg;7
mercedes118.jpg;7
mercedes119.jpg;7
mercedes120.jpg;7
mercedes122.jpg;7
mercedes123.jpg;7
mercedes124.jpg;7
mercedes125.jpg;7
mercedes126.jpg;7
mercedes127.jpg;7
mercedes128.jpg;7
mercedes129.jpg;7
mercedes130.jpg;7
mercedes132.jpg;7
mercedes133.jpg;7
mercedes134.jpg;7
mercedes135.jpg;7
mercedes136.jpg;7
mercedes137.jpg;7
mercedes138.jpg;7
mercedes139.jpg;7
mercedes140.jpg;7
mercedes141.jpg;7
mercedes142.jpg;7
mercedes143.jpg;7
mercedes144.jpg;7
mercedes145.jpg;7
mercedes146.jpg;7
mercedes147.jpg;7
mercedes148.jpg;7
mercedes149.jpg;7
mercedes150.jpg;7
mercedes151.jpg;7
mercedes152.jpg;7
mercedes153.jpg;7
mercedes154.jpg;7
mercedes155.jpg;7
mercedes156.jpg;7
redbull (1).jpg;8
redbull (10).jpg;8
redbull (11).jpg;8
redbull (12).jpg;8
redbull (13).jpg;8
redbull (14).jpg;8
redbull (15).jpg;8
redbull (16).jpg;8
redbull (17).jpg;8
redbull (18).jpg;8
redbull (19).jpg;8
redbull (2).jpg;8
redbull (20).jpg;8
redbull (21).jpg;8
redbull (22).jpg;8
redbull (23).jpg;8
redbull (24).jpg;8
redbull (25).jpg;8
redbull (26).jpg;8
redbull (27).jpg;8
redbull (28).jpg;8
redbull (3).jpg;8
redbull (4).jpg;8
redbull (5).jpg;8
redbull (6).jpg;8
redbull (7).jpg;8
redbull (8).jpg;8
redbull (9).jpg;8
redbull001.jpg;8
redbull002.jpg;8
redbull003.jpg;8
redbull004.jpg;8
redbull005.jpg;8
redbull006.jpg;8
redbull007.jpg;8
redbull009.jpg;8
redbull010.jpg;8
redbull011.jpg;8
redbull012.jpg;8
redbull014.jpg;8
redbull015.jpg;8
redbull016.jpg;8
redbull018.jpg;8
redbull019.jpg;8
redbull020.jpg;8
redbull021.jpg;8
redbull022.jpg;8
redbull023.jpg;8
redbull024.jpg;8
redbull025.jpg;8
redbull026.jpg;8
redbull027.jpg;8
redbull028.jpg;8
redbull029.jpg;8
redbull030.jpg;8
redbull031.jpg;8
redbull032.jpg;8
redbull033.jpg;8
redbull034.jpg;8
redbull035.jpg;8
redbull036.jpg;8
redbull037.jpg;8
redbull039.jpg;8
redbull040.jpg;8
redbull041.jpg;8
redbull043.jpg;8
redbull044.jpg;8
redbull045.jpg;8
redbull046.jpg;8
redbull047.jpg;8
redbull048.jpg;8
redbull049.jpg;8
redbull050.jpg;8
redbull051.jpg;8
redbull052.jpg;8
redbull053.jpg;8
redbull054.jpg;8
redbull055.jpg;8
redbull056.jpg;8
redbull057.jpg;8
redbull058.jpg;8
redbull059.jpg;8
redbull060.jpg;8
redbull061.jpg;8
redbull062.jpg;8
redbull063.jpg;8
redbull064.jpg;8
redbull065.jpg;8
redbull066.jpg;8
redbull067.jpg;8
redbull068.jpg;8
redbull069.jpg;8
redbull070.jpg;8
redbull071.jpg;8
redbull072.jpg;8
redbull073.jpg;8
redbull074.jpg;8
redbull075.jpg;8
redbull076.jpg;8
redbull077.jpg;8
redbull078.jpg;8
redbull079.jpg;8
redbull080.jpg;8
redbull081.jpg;8
redbull082.jpg;8
redbull083.jpg;8
redbull084.jpg;8
redbull085.jpg;8
redbull086.jpg;8
redbull087.jpg;8
redbull088.jpg;8
redbull090.jpg;8
redbull091.jpg;8
redbull092.jpg;8
redbull093.jpg;8
redbull094.jpg;8
redbull095.jpg;8
redbull096.jpg;8
redbull097.jpg;8
redbull098.jpg;8
redbull099.jpg;8
redbull100.jpg;8
redbull101.jpg;8
redbull102.jpg;8
redbull103.jpg;8
redbull104.jpg;8
redbull105.jpg;8
redbull106.jpg;8
redbull107.jpg;8
redbull108.jpg;8
redbull109.jpg;8
redbull110.jpg;8
redbull111.jpg;8
redbull112.jpg;8
redbull113.jpg;8
redbull114.jpg;8
redbull115.jpg;8
redbull116.jpg;8
redbull117.jpg;8
redbull118.jpg;8
redbull120.jpg;8
redbull121.jpg;8
redbull122.jpg;8
redbull123.jpg;8
redbull124.jpg;8
redbull125.jpg;8
redbull126.jpg;8
redbull127.jpg;8
redbull128.jpg;8
redbull129.jpg;8
redbull130.jpg;8
redbull131.jpg;8
redbull132.jpg;8
redbull133.jpg;8
redbull134.jpg;8
williams (1).jpg;9
williams (100).jpg;9
williams (101).jpg;9
williams (102).jpg;9
williams (103).jpg;9
williams (104).jpg;9
williams (105).jpg;9
williams (106).jpg;9
williams (107).jpg;9
williams (108).jpg;9
williams (109).jpg;9
williams (110).jpg;9
williams (111).jpg;9
williams (112).jpg;9
williams (113).jpg;9
williams (114).jpg;9
williams (115).jpg;9
williams (116).jpg;9
williams (117).jpg;9
williams (118).jpg;9
williams (119).jpg;9
williams (120).jpg;9
williams (121).jpg;9
williams (122).jpg;9
williams (123).jpg;9
williams (124).jpg;9
williams (125).jpg;9
williams (126).jpg;9
williams (127).jpg;9
williams (128).jpg;9
williams (129).jpg;9
williams (130).jpg;9
williams (131).jpg;9
williams (132).jpg;9
williams (133).jpg;9
williams (134).jpg;9
williams (135).jpg;9
williams (136).jpg;9
williams (137).jpg;9
williams (138).jpg;9
williams (139).jpg;9
williams (14).jpg;9
williams (140).jpg;9
williams (141).jpg;9
williams (142).jpg;9
williams (143).jpg;9
williams (144).jpg;9
williams (145).jpg;9
williams (146).jpg;9
williams (147).jpg;9
williams (148).jpg;9
williams (149).jpg;9
williams (15).jpg;9
williams (150).jpg;9
williams (151).jpg;9
williams (152).jpg;9
williams (153).jpg;9
williams (154).jpg;9
williams (155).jpg;9
williams (156).jpg;9
williams (157).jpg;9
williams (158).jpg;9
williams (159).jpg;9
williams (160).jpg;9
williams (161).jpg;9
williams (162).jpg;9
williams (163).jpg;9
williams (164).jpg;9
williams (165).jpg;9
williams (166).jpg;9
williams (167).jpg;9
williams (168).jpg;9
williams (169).jpg;9
williams (17).jpg;9
williams (170).jpg;9
williams (171).jpg;9
williams (172).jpg;9
williams (173).jpg;9
williams (174).jpg;9
williams (175).jpg;9
williams (176).jpg;9
williams (177).jpg;9
williams (178).jpg;9
williams (179).jpg;9
williams (18).jpg;9
williams (180).jpg;9
williams (181).jpg;9
williams (182).jpg;9
williams (183).jpg;9
williams (184).jpg;9
williams (185).jpg;9
williams (186).jpg;9
williams (187).jpg;9
williams (188).jpg;9
williams (189).jpg;9
williams (19).jpg;9
williams (190).jpg;9
williams (191).jpg;9
williams (192).jpg;9
williams (193).jpg;9
williams (194).jpg;9
williams (195).jpg;9
williams (196).jpg;9
williams (197).jpg;9
williams (198).jpg;9
williams (199).jpg;9
williams (20).jpg;9
williams (200).jpg;9
williams (201).jpg;9
williams (202).jpg;9
williams (203).jpg;9
williams (204).jpg;9
williams (205).jpg;9
williams (206).jpg;9
williams (207).jpg;9
williams (208).jpg;9
williams (209).jpg;9
williams (21).jpg;9
williams (210).jpg;9
williams (211).jpg;9
williams (212).jpg;9
williams (213).jpg;9
williams (214).jpg;9
williams (215).jpg;9
williams (216).jpg;9
williams (217).jpg;9
williams (218).jpg;9
williams (219).jpg;9
williams (22).jpg;9
williams (23).jpg;9
williams (24).jpg;9
williams (44).jpg;9
williams (45).jpg;9
williams (46).jpg;9
williams (47).jpg;9
williams (48).jpg;9
williams (49).jpg;9
williams (50).jpg;9
williams (51).jpg;9
williams (52).jpg;9
williams (53).jpg;9
williams (54).jpg;9
williams (55).jpg;9
williams (56).jpg;9
williams (57).jpg;9
williams (58).jpg;9
williams (59).jpg;9
williams (60).jpg;9
williams (61).jpg;9
williams (62).jpg;9
williams (63).jpg;9
williams (64).jpg;9
williams (65).jpg;9
williams (66).jpg;9
williams (67).jpg;9
williams (68).jpg;9
williams (69).jpg;9
williams (70).jpg;9
williams (71).jpg;9
williams (72).jpg;9
williams (73).jpg;9
williams (74).jpg;9
williams (75).jpg;9
williams (76).jpg;9
williams (77).jpg;9
williams (79).jpg;9
williams (80).jpg;9
williams (81).jpg;9
williams (82).jpg;9
williams (83).jpg;9
williams (84).jpg;9
williams (85).jpg;9
williams (86).jpg;9
williams (87).jpg;9
williams (88).jpg;9
williams (89).jpg;9
williams (90).jpg;9
williams (91).jpg;9
williams (92).jpg;9
williams (93).jpg;9
williams (94).jpg;9
williams (95).jpg;9
williams (96).jpg;9
williams (97).jpg;9
williams (98).jpg;9
williams (99).jpg;9
