AlphaRomeu10.jpeg,0
AlphaRomeu11.jpeg,0
AlphaRomeu12.jpeg,0
AlphaRomeu13.jpeg,0
AlphaRomeu14.jpeg,0
AlphaRomeu15.jpeg,0
AlphaRomeu16.jpeg,0
AlphaRomeu17.jpeg,0
AlphaRomeu18.jpeg,0
AlphaRomeu19.jpeg,0
AlphaRomeu1.jpeg,0
AlphaRomeu20.jpeg,0
AlphaRomeu21.jpeg,0
AlphaRomeu22.jpeg,0
AlphaRomeu23.jpeg,0
AlphaRomeu24.jpeg,0
AlphaRomeu25.jpeg,0
AlphaRomeu26.jpeg,0
AlphaRomeu27.jpeg,0
AlphaRomeu28.jpeg,0
AlphaRomeu29.jpeg,0
AlphaRomeu2.jpeg,0
AlphaRomeu30.jpeg,0
AlphaRomeu31.jpeg,0
AlphaRomeu32.jpeg,0
AlphaRomeu33.jpeg,0
AlphaRomeu34.jpeg,0
AlphaRomeu35.jpeg,0
AlphaRomeu36.jpeg,0
AlphaRomeu37.jpeg,0
AlphaRomeu38.jpeg,0
AlphaRomeu39.jpeg,0
AlphaRomeu3.jpeg,0
AlphaRomeu40.jpeg,0
AlphaRomeu41.jpeg,0
AlphaRomeu42.jpeg,0
AlphaRomeu43.jpeg,0
AlphaRomeu44.jpeg,0
AlphaRomeu45.jpeg,0
AlphaRomeu46.jpeg,0
AlphaRomeu47.jpeg,0
AlphaRomeu48.jpeg,0
AlphaRomeu49.jpeg,0
AlphaRomeu4.jpeg,0
AlphaRomeu50.jpeg,0
AlphaRomeu51.jpeg,0
AlphaRomeu52.jpeg,0
AlphaRomeu53.jpeg,0
AlphaRomeu54.jpeg,0
AlphaRomeu55.jpeg,0
AlphaRomeu56.jpeg,0
AlphaRomeu57.jpeg,0
AlphaRomeu58.jpeg,0
AlphaRomeu59.jpeg,0
AlphaRomeu5.jpeg,0
AlphaRomeu60.jpeg,0
AlphaRomeu61.jpeg,0
AlphaRomeu62.jpeg,0
AlphaRomeu63.jpeg,0
AlphaRomeu64.jpeg,0
AlphaRomeu65.jpeg,0
AlphaRomeu66.jpeg,0
AlphaRomeu67.jpeg,0
AlphaRomeu68.jpeg,0
AlphaRomeu69.jpeg,0
AlphaRomeu6.jpeg,0
AlphaRomeu70.jpeg,0
AlphaRomeu71.jpeg,0
AlphaRomeu72.jpeg,0
AlphaRomeu73.jpeg,0
AlphaRomeu74.jpeg,0
AlphaRomeu75.jpeg,0
AlphaRomeu76.jpeg,0
AlphaRomeu77.jpeg,0
AlphaRomeu78.jpeg,0
AlphaRomeu79.jpeg,0
AlphaRomeu7.jpeg,0
AlphaRomeu80.jpeg,0
AlphaRomeu81.jpeg,0
AlphaRomeu82.jpeg,0
AlphaRomeu83.jpeg,0
AlphaRomeu84.jpeg,0
AlphaRomeu85.jpeg,0
AlphaRomeu86.jpeg,0
AlphaRomeu87.jpeg,0
AlphaRomeu88.jpeg,0
AlphaRomeu89.jpeg,0
AlphaRomeu8.jpeg,0
AlphaRomeu90.jpeg,0
AlphaRomeu91.jpeg,0
AlphaRomeu92.jpeg,0
AlphaRomeu93.jpeg,0
AlphaRomeu94.jpeg,0
AlphaRomeu95.jpeg,0
AlphaRomeu96.jpeg,0
AlphaRomeu97.jpeg,0
AlphaRomeu9.jpeg,0
AlphaTauri100.jpeg,1
AlphaTauri101.jpeg,1
AlphaTauri102.jpeg,1
AlphaTauri103.jpeg,1
AlphaTauri104.jpeg,1
AlphaTauri105.jpeg,1
AlphaTauri106.jpeg,1
AlphaTauri107.jpeg,1
AlphaTauri108.jpeg,1
AlphaTauri109.jpeg,1
AlphaTauri10.jpeg,1
AlphaTauri110.jpeg,1
AlphaTauri111.jpeg,1
AlphaTauri112.jpeg,1
AlphaTauri113.jpeg,1
AlphaTauri114.jpeg,1
AlphaTauri115.jpeg,1
AlphaTauri116.jpeg,1
AlphaTauri117.jpeg,1
AlphaTauri118.jpeg,1
AlphaTauri119.jpeg,1
AlphaTauri11.jpeg,1
AlphaTauri120.jpeg,1
AlphaTauri121.jpeg,1
AlphaTauri122.jpeg,1
AlphaTauri123.jpeg,1
AlphaTauri124.jpeg,1
AlphaTauri125.jpeg,1
AlphaTauri126.jpeg,1
AlphaTauri12.jpeg,1
AlphaTauri133.jpeg,1
AlphaTauri13.jpeg,1
AlphaTauri140.jpeg,1
AlphaTauri147.jpeg,1
AlphaTauri14.jpeg,1
AlphaTauri154.jpeg,1
AlphaTauri15.jpeg,1
AlphaTauri161.jpeg,1
AlphaTauri168.jpeg,1
AlphaTauri16.jpeg,1
AlphaTauri175.jpeg,1
AlphaTauri17.jpeg,1
AlphaTauri18.jpeg,1
AlphaTauri19.jpeg,1
AlphaTauri1.jpeg,1
AlphaTauri20.jpeg,1
AlphaTauri21.jpeg,1
AlphaTauri22.jpeg,1
AlphaTauri23.jpeg,1
AlphaTauri24.jpeg,1
AlphaTauri25.jpeg,1
AlphaTauri26.jpeg,1
AlphaTauri27.jpeg,1
AlphaTauri28.jpeg,1
AlphaTauri29.jpeg,1
AlphaTauri2.jpeg,1
AlphaTauri30.jpeg,1
AlphaTauri31.jpeg,1
AlphaTauri32.jpeg,1
AlphaTauri33.jpeg,1
AlphaTauri34.jpeg,1
AlphaTauri35.jpeg,1
AlphaTauri36.jpeg,1
AlphaTauri37.jpeg,1
AlphaTauri38.jpeg,1
AlphaTauri39.jpeg,1
AlphaTauri3.jpeg,1
AlphaTauri40.jpeg,1
AlphaTauri41.jpeg,1
AlphaTauri42.jpeg,1
AlphaTauri43.jpeg,1
AlphaTauri44.jpeg,1
AlphaTauri45.jpeg,1
AlphaTauri46.jpeg,1
AlphaTauri47.jpeg,1
AlphaTauri48.jpeg,1
AlphaTauri49.jpeg,1
AlphaTauri4.jpeg,1
AlphaTauri50.jpeg,1
AlphaTauri51.jpeg,1
AlphaTauri52.jpeg,1
AlphaTauri53.jpeg,1
AlphaTauri54.jpeg,1
AlphaTauri55.jpeg,1
AlphaTauri56.jpeg,1
AlphaTauri57.jpeg,1
AlphaTauri58.jpeg,1
AlphaTauri59.jpeg,1
AlphaTauri5.jpeg,1
AlphaTauri60.jpeg,1
AlphaTauri61.jpeg,1
AlphaTauri62.jpeg,1
AlphaTauri63.jpeg,1
AlphaTauri64.jpeg,1
AlphaTauri65.jpeg,1
AlphaTauri66.jpeg,1
AlphaTauri67.jpeg,1
AlphaTauri68.jpeg,1
AlphaTauri69.jpeg,1
AlphaTauri6.jpeg,1
AlphaTauri70.jpeg,1
AlphaTauri71.jpeg,1
AlphaTauri72.jpeg,1
AlphaTauri73.jpeg,1
AlphaTauri74.jpeg,1
AlphaTauri75.jpeg,1
AlphaTauri76.jpeg,1
AlphaTauri77.jpeg,1
AlphaTauri78.jpeg,1
AlphaTauri79.jpeg,1
AlphaTauri7.jpeg,1
AlphaTauri80.jpeg,1
AlphaTauri81.jpeg,1
AlphaTauri82.jpeg,1
AlphaTauri83.jpeg,1
AlphaTauri84.jpeg,1
AlphaTauri85.jpeg,1
AlphaTauri86.jpeg,1
AlphaTauri87.jpeg,1
AlphaTauri88.jpeg,1
AlphaTauri89.jpeg,1
AlphaTauri8.jpeg,1
AlphaTauri90.jpeg,1
AlphaTauri91.jpeg,1
AlphaTauri92.jpeg,1
AlphaTauri93.jpeg,1
AlphaTauri94.jpeg,1
AlphaTauri95.jpeg,1
AlphaTauri96.jpeg,1
AlphaTauri97.jpeg,1
AlphaTauri98.jpeg,1
AlphaTauri99.jpeg,1
AlphaTauri9.jpeg,1
Alpine100.jpeg,2
Alpine101.jpeg,2
Alpine102.jpeg,2
Alpine103.jpeg,2
Alpine104.jpeg,2
Alpine105.jpeg,2
Alpine106.jpeg,2
Alpine107.jpeg,2
Alpine108.jpeg,2
Alpine109.jpeg,2
Alpine10.jpeg,2
Alpine110.jpeg,2
Alpine111.jpeg,2
Alpine112.jpeg,2
Alpine113.jpeg,2
Alpine114.jpeg,2
Alpine115.jpeg,2
Alpine116.jpeg,2
Alpine117.jpeg,2
Alpine118.jpeg,2
Alpine119.jpeg,2
Alpine11.jpeg,2
Alpine120.jpeg,2
Alpine121.jpeg,2
Alpine122.jpeg,2
Alpine123.jpeg,2
Alpine124.jpeg,2
Alpine125.jpeg,2
Alpine126.jpeg,2
Alpine127.jpeg,2
Alpine128.jpeg,2
Alpine129.jpeg,2
Alpine12.jpeg,2
Alpine130.jpeg,2
Alpine131.jpeg,2
Alpine132.jpeg,2
Alpine133.jpeg,2
Alpine134.jpeg,2
Alpine135.jpeg,2
Alpine136.jpeg,2
Alpine137.jpeg,2
Alpine138.jpeg,2
Alpine139.jpeg,2
Alpine13.jpeg,2
Alpine140.jpeg,2
Alpine141.jpeg,2
Alpine142.jpeg,2
Alpine143.jpeg,2
Alpine144.jpeg,2
Alpine145.jpeg,2
Alpine146.jpeg,2
Alpine147.jpeg,2
Alpine148.jpeg,2
Alpine149.jpeg,2
Alpine14.jpeg,2
Alpine150.jpeg,2
Alpine151.jpeg,2
Alpine152.jpeg,2
Alpine15.jpeg,2
Alpine16.jpeg,2
Alpine17.jpeg,2
Alpine18.jpeg,2
Alpine19.jpeg,2
Alpine1.jpeg,2
Alpine20.jpeg,2
Alpine21.jpeg,2
Alpine22.jpeg,2
Alpine23.jpeg,2
Alpine24.jpeg,2
Alpine25.jpeg,2
Alpine26.jpeg,2
Alpine27.jpeg,2
Alpine28.jpeg,2
Alpine29.jpeg,2
Alpine2.jpeg,2
Alpine30.jpeg,2
Alpine31.jpeg,2
Alpine32.jpeg,2
Alpine33.jpeg,2
Alpine34.jpeg,2
Alpine35.jpeg,2
Alpine36.jpeg,2
Alpine37.jpeg,2
Alpine38.jpeg,2
Alpine39.jpeg,2
Alpine3.jpeg,2
Alpine40.jpeg,2
Alpine41.jpeg,2
Alpine42.jpeg,2
Alpine43.jpeg,2
Alpine44.jpeg,2
Alpine45.jpeg,2
Alpine46.jpeg,2
Alpine47.jpeg,2
Alpine48.jpeg,2
Alpine49.jpeg,2
Alpine4.jpeg,2
Alpine50.jpeg,2
Alpine51.jpeg,2
Alpine52.jpeg,2
Alpine53.jpeg,2
Alpine54.jpeg,2
Alpine55.jpeg,2
Alpine56.jpeg,2
Alpine57.jpeg,2
Alpine58.jpeg,2
Alpine59.jpeg,2
Alpine5.jpeg,2
Alpine60.jpeg,2
Alpine61.jpeg,2
Alpine62.jpeg,2
Alpine63.jpeg,2
Alpine64.jpeg,2
Alpine65.jpeg,2
Alpine66.jpeg,2
Alpine67.jpeg,2
Alpine68.jpeg,2
Alpine69.jpeg,2
Alpine6.jpeg,2
Alpine70.jpeg,2
Alpine71.jpeg,2
Alpine72.jpeg,2
Alpine73.jpeg,2
Alpine74.jpeg,2
Alpine75.jpeg,2
Alpine76.jpeg,2
Alpine77.jpeg,2
Alpine78.jpeg,2
Alpine79.jpeg,2
Alpine7.jpeg,2
Alpine80.jpeg,2
Alpine81.jpeg,2
Alpine82.jpeg,2
Alpine83.jpeg,2
Alpine84.jpeg,2
Alpine85.jpeg,2
Alpine86.jpeg,2
Alpine87.jpeg,2
Alpine88.jpeg,2
Alpine89.jpeg,2
Alpine8.jpeg,2
Alpine90.jpeg,2
Alpine91.jpeg,2
Alpine92.jpeg,2
Alpine93.jpeg,2
Alpine94.jpeg,2
Alpine95.jpeg,2
Alpine96.jpeg,2
Alpine97.jpeg,2
Alpine98.jpeg,2
Alpine99.jpeg,2
Alpine9.jpeg,2
AstonMartin100.jpeg,3
AstonMartin101.jpeg,3
AstonMartin102.jpeg,3
AstonMartin103.jpeg,3
AstonMartin104.jpeg,3
AstonMartin105.jpeg,3
AstonMartin106.jpeg,3
AstonMartin107.jpeg,3
AstonMartin108.jpeg,3
AstonMartin109.jpeg,3
AstonMartin10.jpeg,3
AstonMartin110.jpeg,3
AstonMartin111.jpeg,3
AstonMartin112.jpeg,3
AstonMartin113.jpeg,3
AstonMartin114.jpeg,3
AstonMartin115.jpeg,3
AstonMartin11.jpeg,3
AstonMartin12.jpeg,3
AstonMartin13.jpeg,3
AstonMartin14.jpeg,3
AstonMartin15.jpeg,3
AstonMartin16.jpeg,3
AstonMartin17.jpeg,3
AstonMartin18.jpeg,3
AstonMartin19.jpeg,3
AstonMartin1.jpeg,3
AstonMartin20.jpeg,3
AstonMartin21.jpeg,3
AstonMartin22.jpeg,3
AstonMartin23.jpeg,3
AstonMartin24.jpeg,3
AstonMartin25.jpeg,3
AstonMartin26.jpeg,3
AstonMartin27.jpeg,3
AstonMartin28.jpeg,3
AstonMartin29.jpeg,3
AstonMartin2.jpeg,3
AstonMartin30.jpeg,3
AstonMartin31.jpeg,3
AstonMartin32.jpeg,3
AstonMartin33.jpeg,3
AstonMartin34.jpeg,3
AstonMartin35.jpeg,3
AstonMartin36.jpeg,3
AstonMartin37.jpeg,3
AstonMartin38.jpeg,3
AstonMartin39.jpeg,3
AstonMartin3.jpeg,3
AstonMartin40.jpeg,3
AstonMartin41.jpeg,3
AstonMartin42.jpeg,3
AstonMartin43.jpeg,3
AstonMartin44.jpeg,3
AstonMartin45.jpeg,3
AstonMartin46.jpeg,3
AstonMartin47.jpeg,3
AstonMartin48.jpeg,3
AstonMartin49.jpeg,3
AstonMartin4.jpeg,3
AstonMartin50.jpeg,3
AstonMartin51.jpeg,3
AstonMartin52.jpeg,3
AstonMartin53.jpeg,3
AstonMartin54.jpeg,3
AstonMartin55.jpeg,3
AstonMartin56.jpeg,3
AstonMartin57.jpeg,3
AstonMartin58.jpeg,3
AstonMartin59.jpeg,3
AstonMartin5.jpeg,3
AstonMartin60.jpeg,3
AstonMartin61.jpeg,3
AstonMartin62.jpeg,3
AstonMartin63.jpeg,3
AstonMartin64.jpeg,3
AstonMartin65.jpeg,3
AstonMartin66.jpeg,3
AstonMartin67.jpeg,3
AstonMartin68.jpeg,3
AstonMartin69.jpeg,3
AstonMartin6.jpeg,3
AstonMartin70.jpeg,3
AstonMartin71.jpeg,3
AstonMartin72.jpeg,3
AstonMartin73.jpeg,3
AstonMartin74.jpeg,3
AstonMartin75.jpeg,3
AstonMartin76.jpeg,3
AstonMartin77.jpeg,3
AstonMartin78.jpeg,3
AstonMartin79.jpeg,3
AstonMartin7.jpeg,3
AstonMartin80.jpeg,3
AstonMartin81.jpeg,3
AstonMartin82.jpeg,3
AstonMartin83.jpeg,3
AstonMartin84.jpeg,3
AstonMartin85.jpeg,3
AstonMartin86.jpeg,3
AstonMartin87.jpeg,3
AstonMartin88.jpeg,3
AstonMartin89.jpeg,3
AstonMartin8.jpeg,3
AstonMartin90.jpeg,3
AstonMartin91.jpeg,3
AstonMartin92.jpeg,3
AstonMartin93.jpeg,3
AstonMartin94.jpeg,3
AstonMartin95.jpeg,3
AstonMartin96.jpeg,3
AstonMartin97.jpeg,3
AstonMartin98.jpeg,3
AstonMartin99.jpeg,3
AstonMartin9.jpeg,3
Ferrari100.jpeg,4
Ferrari101.jpeg,4
Ferrari102.jpeg,4
Ferrari103.jpeg,4
Ferrari104.jpeg,4
Ferrari105.jpeg,4
Ferrari106.jpeg,4
Ferrari107.jpeg,4
Ferrari108.jpeg,4
Ferrari109.jpeg,4
Ferrari10.jpeg,4
Ferrari110.jpeg,4
Ferrari111.jpeg,4
Ferrari112.jpeg,4
Ferrari113.jpeg,4
Ferrari114.jpeg,4
Ferrari115.jpeg,4
Ferrari116.jpeg,4
Ferrari117.jpeg,4
Ferrari118.jpeg,4
Ferrari119.jpeg,4
Ferrari11.jpeg,4
Ferrari120.jpeg,4
Ferrari121.jpeg,4
Ferrari122.jpeg,4
Ferrari123.jpeg,4
Ferrari12.jpeg,4
Ferrari13.jpeg,4
Ferrari14.jpeg,4
Ferrari15.jpeg,4
Ferrari16.jpeg,4
Ferrari17.jpeg,4
Ferrari18.jpeg,4
Ferrari19.jpeg,4
Ferrari1.jpeg,4
Ferrari20.jpeg,4
Ferrari21.jpeg,4
Ferrari22.jpeg,4
Ferrari23.jpeg,4
Ferrari24.jpeg,4
Ferrari25.jpeg,4
Ferrari26.jpeg,4
Ferrari27.jpeg,4
Ferrari28.jpeg,4
Ferrari29.jpeg,4
Ferrari2.jpeg,4
Ferrari30.jpeg,4
Ferrari31.jpeg,4
Ferrari32.jpeg,4
Ferrari33.jpeg,4
Ferrari34.jpeg,4
Ferrari35.jpeg,4
Ferrari36.jpeg,4
Ferrari37.jpeg,4
Ferrari38.jpeg,4
Ferrari39.jpeg,4
Ferrari3.jpeg,4
Ferrari40.jpeg,4
Ferrari41.jpeg,4
Ferrari42.jpeg,4
Ferrari43.jpeg,4
Ferrari44.jpeg,4
Ferrari45.jpeg,4
Ferrari46.jpeg,4
Ferrari47.jpeg,4
Ferrari48.jpeg,4
Ferrari49.jpeg,4
Ferrari4.jpeg,4
Ferrari50.jpeg,4
Ferrari51.jpeg,4
Ferrari52.jpeg,4
Ferrari53.jpeg,4
Ferrari54.jpeg,4
Ferrari55.jpeg,4
Ferrari56.jpeg,4
Ferrari57.jpeg,4
Ferrari58.jpeg,4
Ferrari59.jpeg,4
Ferrari5.jpeg,4
Ferrari60.jpeg,4
Ferrari61.jpeg,4
Ferrari62.jpeg,4
Ferrari63.jpeg,4
Ferrari64.jpeg,4
Ferrari65.jpeg,4
Ferrari66.jpeg,4
Ferrari67.jpeg,4
Ferrari68.jpeg,4
Ferrari69.jpeg,4
Ferrari6.jpeg,4
Ferrari70.jpeg,4
Ferrari71.jpeg,4
Ferrari72.jpeg,4
Ferrari73.jpeg,4
Ferrari74.jpeg,4
Ferrari75.jpeg,4
Ferrari76.jpeg,4
Ferrari77.jpeg,4
Ferrari78.jpeg,4
Ferrari79.jpeg,4
Ferrari7.jpeg,4
Ferrari80.jpeg,4
Ferrari81.jpeg,4
Ferrari82.jpeg,4
Ferrari83.jpeg,4
Ferrari84.jpeg,4
Ferrari85.jpeg,4
Ferrari86.jpeg,4
Ferrari87.jpeg,4
Ferrari88.jpeg,4
Ferrari89.jpeg,4
Ferrari8.jpeg,4
Ferrari90.jpeg,4
Ferrari91.jpeg,4
Ferrari92.jpeg,4
Ferrari93.jpeg,4
Ferrari94.jpeg,4
Ferrari95.jpeg,4
Ferrari96.jpeg,4
Ferrari97.jpeg,4
Ferrari98.jpeg,4
Ferrari99.jpeg,4
Ferrari9.jpeg,4
Haas10.jpeg,5
Haas11.jpeg,5
Haas12.jpeg,5
Haas13.jpeg,5
Haas14.jpeg,5
Haas15.jpeg,5
Haas16.jpeg,5
Haas17.jpeg,5
Haas18.jpeg,5
Haas19.jpeg,5
Haas1.jpeg,5
Haas20.jpeg,5
Haas21.jpeg,5
Haas22.jpeg,5
Haas23.jpeg,5
Haas24.jpeg,5
Haas25.jpeg,5
Haas26.jpeg,5
Haas27.jpeg,5
Haas28.jpeg,5
Haas29.jpeg,5
Haas2.jpeg,5
Haas30.jpeg,5
Haas31.jpeg,5
Haas32.jpeg,5
Haas33.jpeg,5
Haas34.jpeg,5
Haas35.jpeg,5
Haas36.jpeg,5
Haas37.jpeg,5
Haas38.jpeg,5
Haas39.jpeg,5
Haas3.jpeg,5
Haas40.jpeg,5
Haas41.jpeg,5
Haas42.jpeg,5
Haas43.jpeg,5
Haas44.jpeg,5
Haas45.jpeg,5
Haas46.jpeg,5
Haas47.jpeg,5
Haas48.jpeg,5
Haas49.jpeg,5
Haas4.jpeg,5
Haas50.jpeg,5
Haas51.jpeg,5
Haas52.jpeg,5
Haas53.jpeg,5
Haas54.jpeg,5
Haas55.jpeg,5
Haas56.jpeg,5
Haas57.jpeg,5
Haas58.jpeg,5
Haas59.jpeg,5
Haas5.jpeg,5
Haas60.jpeg,5
Haas61.jpeg,5
Haas62.jpeg,5
Haas63.jpeg,5
Haas64.jpeg,5
Haas65.jpeg,5
Haas66.jpeg,5
Haas67.jpeg,5
Haas68.jpeg,5
Haas69.jpeg,5
Haas6.jpeg,5
Haas70.jpeg,5
Haas71.jpeg,5
Haas72.jpeg,5
Haas73.jpeg,5
Haas74.jpeg,5
Haas75.jpeg,5
Haas76.jpeg,5
Haas77.jpeg,5
Haas78.jpeg,5
Haas79.jpeg,5
Haas7.jpeg,5
Haas80.jpeg,5
Haas81.jpeg,5
Haas82.jpeg,5
Haas83.jpeg,5
Haas84.jpeg,5
Haas85.jpeg,5
Haas86.jpeg,5
Haas87.jpeg,5
Haas88.jpeg,5
Haas89.jpeg,5
Haas8.jpeg,5
Haas90.jpeg,5
Haas91.jpeg,5
Haas92.jpeg,5
Haas93.jpeg,5
Haas94.jpeg,5
Haas95.jpeg,5
Haas96.jpeg,5
Haas97.jpeg,5
Haas98.jpeg,5
Haas9.jpeg,5
McLaren100.jpeg,6
McLaren101.jpeg,6
McLaren102.jpeg,6
McLaren103.jpeg,6
McLaren104.jpeg,6
McLaren105.jpeg,6
McLaren106.jpeg,6
McLaren107.jpeg,6
McLaren108.jpeg,6
McLaren109.jpeg,6
McLaren10.jpeg,6
McLaren110.jpeg,6
McLaren111.jpeg,6
McLaren112.jpeg,6
McLaren113.jpeg,6
McLaren114.jpeg,6
McLaren115.jpeg,6
McLaren116.jpeg,6
McLaren117.jpeg,6
McLaren118.jpeg,6
McLaren119.jpeg,6
McLaren11.jpeg,6
McLaren120.jpeg,6
McLaren121.jpeg,6
McLaren122.jpeg,6
McLaren123.jpeg,6
McLaren124.jpeg,6
McLaren125.jpeg,6
McLaren126.jpeg,6
McLaren127.jpeg,6
McLaren128.jpeg,6
McLaren129.jpeg,6
McLaren12.jpeg,6
McLaren130.jpeg,6
McLaren131.jpeg,6
McLaren132.jpeg,6
McLaren133.jpeg,6
McLaren134.jpeg,6
McLaren135.jpeg,6
McLaren136.jpeg,6
McLaren137.jpeg,6
McLaren138.jpeg,6
McLaren139.jpeg,6
McLaren13.jpeg,6
McLaren140.jpeg,6
McLaren141.jpeg,6
McLaren142.jpeg,6
McLaren14.jpeg,6
McLaren15.jpeg,6
McLaren16.jpeg,6
McLaren17.jpeg,6
McLaren18.jpeg,6
McLaren19.jpeg,6
McLaren1.jpeg,6
McLaren20.jpeg,6
McLaren21.jpeg,6
McLaren22.jpeg,6
McLaren23.jpeg,6
McLaren24.jpeg,6
McLaren25.jpeg,6
McLaren26.jpeg,6
McLaren27.jpeg,6
McLaren28.jpeg,6
McLaren29.jpeg,6
McLaren2.jpeg,6
McLaren30.jpeg,6
McLaren31.jpeg,6
McLaren32.jpeg,6
McLaren33.jpeg,6
McLaren34.jpeg,6
McLaren35.jpeg,6
McLaren36.jpeg,6
McLaren37.jpeg,6
McLaren38.jpeg,6
McLaren39.jpeg,6
McLaren3.jpeg,6
McLaren40.jpeg,6
McLaren41.jpeg,6
McLaren42.jpeg,6
McLaren43.jpeg,6
McLaren44.jpeg,6
McLaren45.jpeg,6
McLaren46.jpeg,6
McLaren47.jpeg,6
McLaren48.jpeg,6
McLaren49.jpeg,6
McLaren4.jpeg,6
McLaren50.jpeg,6
McLaren51.jpeg,6
McLaren52.jpeg,6
McLaren53.jpeg,6
McLaren54.jpeg,6
McLaren55.jpeg,6
McLaren56.jpeg,6
McLaren57.jpeg,6
McLaren58.jpeg,6
McLaren59.jpeg,6
McLaren5.jpeg,6
McLaren60.jpeg,6
McLaren61.jpeg,6
McLaren62.jpeg,6
McLaren63.jpeg,6
McLaren64.jpeg,6
McLaren65.jpeg,6
McLaren66.jpeg,6
McLaren67.jpeg,6
McLaren68.jpeg,6
McLaren69.jpeg,6
McLaren6.jpeg,6
McLaren70.jpeg,6
McLaren71.jpeg,6
McLaren72.jpeg,6
McLaren73.jpeg,6
McLaren74.jpeg,6
McLaren75.jpeg,6
McLaren76.jpeg,6
McLaren77.jpeg,6
McLaren78.jpeg,6
McLaren79.jpeg,6
McLaren7.jpeg,6
McLaren80.jpeg,6
McLaren81.jpeg,6
McLaren82.jpeg,6
McLaren83.jpeg,6
McLaren84.jpeg,6
McLaren85.jpeg,6
McLaren86.jpeg,6
McLaren87.jpeg,6
McLaren88.jpeg,6
McLaren89.jpeg,6
McLaren8.jpeg,6
McLaren90.jpeg,6
McLaren91.jpeg,6
McLaren92.jpeg,6
McLaren93.jpeg,6
McLaren94.jpeg,6
McLaren95.jpeg,6
McLaren96.jpeg,6
McLaren97.jpeg,6
McLaren98.jpeg,6
McLaren99.jpeg,6
McLaren9.jpeg,6
Mercedes100.jpeg,7
Mercedes101.jpeg,7
Mercedes102.jpeg,7
Mercedes103.jpeg,7
Mercedes104.jpeg,7
Mercedes105.jpeg,7
Mercedes106.jpeg,7
Mercedes107.jpeg,7
Mercedes108.jpeg,7
Mercedes109.jpeg,7
Mercedes10.jpeg,7
Mercedes110.jpeg,7
Mercedes111.jpeg,7
Mercedes112.jpeg,7
Mercedes113.jpeg,7
Mercedes114.jpeg,7
Mercedes115.jpeg,7
Mercedes116.jpeg,7
Mercedes117.jpeg,7
Mercedes118.jpeg,7
Mercedes119.jpeg,7
Mercedes11.jpeg,7
Mercedes120.jpeg,7
Mercedes121.jpeg,7
Mercedes122.jpeg,7
Mercedes123.jpeg,7
Mercedes124.jpeg,7
Mercedes125.jpeg,7
Mercedes126.jpeg,7
Mercedes127.jpeg,7
Mercedes128.jpeg,7
Mercedes129.jpeg,7
Mercedes12.jpeg,7
Mercedes130.jpeg,7
Mercedes131.jpeg,7
Mercedes132.jpeg,7
Mercedes133.jpeg,7
Mercedes134.jpeg,7
Mercedes135.jpeg,7
Mercedes136.jpeg,7
Mercedes137.jpeg,7
Mercedes138.jpeg,7
Mercedes139.jpeg,7
Mercedes13.jpeg,7
Mercedes140.jpeg,7
Mercedes141.jpeg,7
Mercedes142.jpeg,7
Mercedes143.jpeg,7
Mercedes144.jpeg,7
Mercedes145.jpeg,7
Mercedes146.jpeg,7
Mercedes147.jpeg,7
Mercedes148.jpeg,7
Mercedes149.jpeg,7
Mercedes14.jpeg,7
Mercedes150.jpeg,7
Mercedes151.jpeg,7
Mercedes152.jpeg,7
Mercedes153.jpeg,7
Mercedes15.jpeg,7
Mercedes16.jpeg,7
Mercedes17.jpeg,7
Mercedes18.jpeg,7
Mercedes19.jpeg,7
Mercedes1.jpeg,7
Mercedes20.jpeg,7
Mercedes21.jpeg,7
Mercedes22.jpeg,7
Mercedes23.jpeg,7
Mercedes24.jpeg,7
Mercedes25.jpeg,7
Mercedes26.jpeg,7
Mercedes27.jpeg,7
Mercedes28.jpeg,7
Mercedes29.jpeg,7
Mercedes2.jpeg,7
Mercedes30.jpeg,7
Mercedes31.jpeg,7
Mercedes32.jpeg,7
Mercedes33.jpeg,7
Mercedes34.jpeg,7
Mercedes35.jpeg,7
Mercedes36.jpeg,7
Mercedes37.jpeg,7
Mercedes38.jpeg,7
Mercedes39.jpeg,7
Mercedes3.jpeg,7
Mercedes40.jpeg,7
Mercedes41.jpeg,7
Mercedes42.jpeg,7
Mercedes43.jpeg,7
Mercedes44.jpeg,7
Mercedes45.jpeg,7
Mercedes46.jpeg,7
Mercedes47.jpeg,7
Mercedes48.jpeg,7
Mercedes49.jpeg,7
Mercedes4.jpeg,7
Mercedes50.jpeg,7
Mercedes51.jpeg,7
Mercedes52.jpeg,7
Mercedes53.jpeg,7
Mercedes54.jpeg,7
Mercedes55.jpeg,7
Mercedes56.jpeg,7
Mercedes57.jpeg,7
Mercedes58.jpeg,7
Mercedes59.jpeg,7
Mercedes5.jpeg,7
Mercedes60.jpeg,7
Mercedes61.jpeg,7
Mercedes62.jpeg,7
Mercedes63.jpeg,7
Mercedes64.jpeg,7
Mercedes65.jpeg,7
Mercedes66.jpeg,7
Mercedes67.jpeg,7
Mercedes68.jpeg,7
Mercedes69.jpeg,7
Mercedes6.jpeg,7
Mercedes70.jpeg,7
Mercedes71.jpeg,7
Mercedes72.jpeg,7
Mercedes73.jpeg,7
Mercedes74.jpeg,7
Mercedes75.jpeg,7
Mercedes76.jpeg,7
Mercedes77.jpeg,7
Mercedes78.jpeg,7
Mercedes79.jpeg,7
Mercedes7.jpeg,7
Mercedes80.jpeg,7
Mercedes81.jpeg,7
Mercedes82.jpeg,7
Mercedes83.jpeg,7
Mercedes84.jpeg,7
Mercedes85.jpeg,7
Mercedes86.jpeg,7
Mercedes87.jpeg,7
Mercedes88.jpeg,7
Mercedes89.jpeg,7
Mercedes8.jpeg,7
Mercedes90.jpeg,7
Mercedes91.jpeg,7
Mercedes92.jpeg,7
Mercedes93.jpeg,7
Mercedes94.jpeg,7
Mercedes95.jpeg,7
Mercedes96.jpeg,7
Mercedes97.jpeg,7
Mercedes98.jpeg,7
Mercedes99.jpeg,7
Mercedes9.jpeg,7
RBR100.jpeg,8
RBR101.jpeg,8
RBR102.jpeg,8
RBR103.jpeg,8
RBR104.jpeg,8
RBR105.jpeg,8
RBR106.jpeg,8
RBR107.jpeg,8
RBR108.jpeg,8
RBR109.jpeg,8
RBR10.jpeg,8
RBR110.jpeg,8
RBR111.jpeg,8
RBR112.jpeg,8
RBR113.jpeg,8
RBR114.jpeg,8
RBR115.jpeg,8
RBR116.jpeg,8
RBR117.jpeg,8
RBR118.jpeg,8
RBR119.jpeg,8
RBR11.jpeg,8
RBR120.jpeg,8
RBR121.jpeg,8
RBR122.jpeg,8
RBR123.jpeg,8
RBR124.jpeg,8
RBR125.jpeg,8
RBR126.jpeg,8
RBR127.jpeg,8
RBR128.jpeg,8
RBR129.jpeg,8
RBR12.jpeg,8
RBR130.jpeg,8
RBR131.jpeg,8
RBR132.jpeg,8
RBR133.jpeg,8
RBR134.jpeg,8
RBR135.jpeg,8
RBR136.jpeg,8
RBR137.jpeg,8
RBR138.jpeg,8
RBR139.jpeg,8
RBR13.jpeg,8
RBR140.jpeg,8
RBR141.jpeg,8
RBR142.jpeg,8
RBR143.jpeg,8
RBR144.jpeg,8
RBR145.jpeg,8
RBR146.jpeg,8
RBR147.jpeg,8
RBR148.jpeg,8
RBR149.jpeg,8
RBR14.jpeg,8
RBR150.jpeg,8
RBR151.jpeg,8
RBR152.jpeg,8
RBR153.jpeg,8
RBR154.jpeg,8
RBR155.jpeg,8
RBR156.jpeg,8
RBR157.jpeg,8
RBR158.jpeg,8
RBR159.jpeg,8
RBR15.jpeg,8
RBR160.jpeg,8
RBR161.jpeg,8
RBR162.jpeg,8
RBR163.jpeg,8
RBR164.jpeg,8
RBR165.jpeg,8
RBR166.jpeg,8
RBR167.jpeg,8
RBR168.jpeg,8
RBR169.jpeg,8
RBR16.jpeg,8
RBR170.jpeg,8
RBR171.jpeg,8
RBR172.jpeg,8
RBR173.jpeg,8
RBR174.jpeg,8
RBR175.jpeg,8
RBR176.jpeg,8
RBR177.jpeg,8
RBR178.jpeg,8
RBR179.jpeg,8
RBR17.jpeg,8
RBR180.jpeg,8
RBR181.jpeg,8
RBR182.jpeg,8
RBR183.jpeg,8
RBR184.jpeg,8
RBR185.jpeg,8
RBR186.jpeg,8
RBR187.jpeg,8
RBR188.jpeg,8
RBR18.jpeg,8
RBR19.jpeg,8
RBR1.jpeg,8
RBR20.jpeg,8
RBR21.jpeg,8
RBR22.jpeg,8
RBR23.jpeg,8
RBR24.jpeg,8
RBR25.jpeg,8
RBR26.jpeg,8
RBR27.jpeg,8
RBR28.jpeg,8
RBR29.jpeg,8
RBR2.jpeg,8
RBR30.jpeg,8
RBR31.jpeg,8
RBR32.jpeg,8
RBR33.jpeg,8
RBR34.jpeg,8
RBR35.jpeg,8
RBR36.jpeg,8
RBR37.jpeg,8
RBR38.jpeg,8
RBR39.jpeg,8
RBR3.jpeg,8
RBR40.jpeg,8
RBR41.jpeg,8
RBR42.jpeg,8
RBR43.jpeg,8
RBR44.jpeg,8
RBR45.jpeg,8
RBR46.jpeg,8
RBR47.jpeg,8
RBR48.jpeg,8
RBR49.jpeg,8
RBR4.jpeg,8
RBR50.jpeg,8
RBR51.jpeg,8
RBR52.jpeg,8
RBR53.jpeg,8
RBR54.jpeg,8
RBR55.jpeg,8
RBR56.jpeg,8
RBR57.jpeg,8
RBR58.jpeg,8
RBR59.jpeg,8
RBR5.jpeg,8
RBR60.jpeg,8
RBR61.jpeg,8
RBR62.jpeg,8
RBR63.jpeg,8
RBR64.jpeg,8
RBR65.jpeg,8
RBR66.jpeg,8
RBR67.jpeg,8
RBR68.jpeg,8
RBR69.jpeg,8
RBR6.jpeg,8
RBR70.jpeg,8
RBR71.jpeg,8
RBR72.jpeg,8
RBR73.jpeg,8
RBR74.jpeg,8
RBR75.jpeg,8
RBR76.jpeg,8
RBR77.jpeg,8
RBR78.jpeg,8
RBR79.jpeg,8
RBR7.jpeg,8
RBR80.jpeg,8
RBR81.jpeg,8
RBR82.jpeg,8
RBR83.jpeg,8
RBR84.jpeg,8
RBR85.jpeg,8
RBR86.jpeg,8
RBR87.jpeg,8
RBR88.jpeg,8
RBR89.jpeg,8
RBR8.jpeg,8
RBR90.jpeg,8
RBR91.jpeg,8
RBR92.jpeg,8
RBR93.jpeg,8
RBR94.jpeg,8
RBR95.jpeg,8
RBR96.jpeg,8
RBR97.jpeg,8
RBR98.jpeg,8
RBR99.jpeg,8
RBR9.jpeg,8
Williams10.jpeg,9
Williams11.jpeg,9
Williams12.jpeg,9
Williams13.jpeg,9
Williams14.jpeg,9
Williams15.jpeg,9
Williams16.jpeg,9
Williams17.jpeg,9
Williams18.jpeg,9
Williams19.jpeg,9
Williams1.jpeg,9
Williams20.jpeg,9
Williams21.jpeg,9
Williams22.jpeg,9
Williams23.jpeg,9
Williams24.jpeg,9
Williams25.jpeg,9
Williams26.jpeg,9
Williams27.jpeg,9
Williams28.jpeg,9
Williams29.jpeg,9
Williams2.jpeg,9
Williams30.jpeg,9
Williams31.jpeg,9
Williams32.jpeg,9
Williams33.jpeg,9
Williams34.jpeg,9
Williams35.jpeg,9
Williams36.jpeg,9
Williams37.jpeg,9
Williams38.jpeg,9
Williams39.jpeg,9
Williams3.jpeg,9
Williams40.jpeg,9
Williams41.jpeg,9
Williams42.jpeg,9
Williams43.jpeg,9
Williams44.jpeg,9
Williams45.jpeg,9
Williams46.jpeg,9
Williams47.jpeg,9
Williams48.jpeg,9
Williams49.jpeg,9
Williams4.jpeg,9
Williams50.jpeg,9
Williams51.jpeg,9
Williams52.jpeg,9
Williams53.jpeg,9
Williams54.jpeg,9
Williams55.jpeg,9
Williams56.jpeg,9
Williams57.jpeg,9
Williams58.jpeg,9
Williams59.jpeg,9
Williams5.jpeg,9
Williams60.jpeg,9
Williams61.jpeg,9
Williams62.jpeg,9
Williams63.jpeg,9
Williams64.jpeg,9
Williams65.jpeg,9
Williams66.jpeg,9
Williams67.jpeg,9
Williams68.jpeg,9
Williams69.jpeg,9
Williams6.jpeg,9
Williams70.jpeg,9
Williams71.jpeg,9
Williams72.jpeg,9
Williams73.jpeg,9
Williams74.jpeg,9
Williams75.jpeg,9
Williams76.jpeg,9
Williams77.jpeg,9
Williams78.jpeg,9
Williams79.jpeg,9
Williams7.jpeg,9
Williams80.jpeg,9
Williams81.jpeg,9
Williams82.jpeg,9
Williams83.jpeg,9
Williams84.jpeg,9
Williams85.jpeg,9
Williams86.jpeg,9
Williams8.jpeg,9
Williams9.jpeg,9
